ResidueID,ChainID,Masked
1,A,True
2,A,True
3,A,True
4,A,True
5,A,True
6,A,True
7,A,True
8,A,True
9,A,True
10,A,True
11,A,True
12,A,True
13,A,True
14,A,True
15,A,True
16,A,True
17,A,True
18,A,True
19,A,True
20,A,True
21,A,True
22,A,True
23,A,True
24,A,True
25,A,True
26,A,True
27,A,True
28,A,True
29,A,True
30,A,True
31,A,True
32,A,True
33,A,True
34,A,True
35,A,True
36,A,True
37,A,True
38,A,True
39,A,True
40,A,True
41,A,True
42,A,True
43,A,True
44,A,True
45,A,True
46,A,True
47,A,True
48,A,True
49,A,True
50,A,True
51,A,True
52,A,True
53,A,True
54,A,True
55,A,True
56,A,True
57,A,True
58,A,True
59,A,True
60,A,True
61,A,True
62,A,True
63,A,True
64,A,True
65,A,True
66,A,True
67,A,True
68,A,True
69,A,True
70,A,True
71,A,True
72,A,True
73,A,True
74,A,True
75,A,True
76,A,True
77,A,True
78,A,True
79,A,True
80,A,True
81,A,True
82,A,True
83,A,True
84,A,True
85,A,True
86,A,True
87,A,True
88,A,True
89,A,True
90,A,True
91,A,True
92,A,True
93,A,True
94,A,True
95,A,True
96,A,True
97,A,True
98,A,True
99,A,True
1,B,True
2,B,True
3,B,True
4,B,True
5,B,True
6,B,True
7,B,True
8,B,True
9,B,False
10,B,False
11,B,False
12,B,False
13,B,False
14,B,False
15,B,False
16,B,False
17,B,False
18,B,False
19,B,False
20,B,False
21,B,False
22,B,False
23,B,False
24,B,False
25,B,False
26,B,False
27,B,False
28,B,False
29,B,False
30,B,False
31,B,False
32,B,False
33,B,False
34,B,False
35,B,False
36,B,False
37,B,False
38,B,False
39,B,False
40,B,False
41,B,False
42,B,False
43,B,False
44,B,False
45,B,False
46,B,False
47,B,False
48,B,False
49,B,False
50,B,False
51,B,False
52,B,False
53,B,False
54,B,False
55,B,False
56,B,False
57,B,False
58,B,False
59,B,False
60,B,False
61,B,False
62,B,False
63,B,False
64,B,False
65,B,False
66,B,False
67,B,False
68,B,False
69,B,False
70,B,False
71,B,False
72,B,False
73,B,False
74,B,False
75,B,False
76,B,False
77,B,False
78,B,False
79,B,False
80,B,False
81,B,False
82,B,False
83,B,False
84,B,False
85,B,False
86,B,False
87,B,False
88,B,False
89,B,False
90,B,False
91,B,False
92,B,False
93,B,False
94,B,False
95,B,False
96,B,False
97,B,False
98,B,False
99,B,False
